"","Marca: UniversalModelo: Universal 5”Dim.: Ø8.3 x 147 mm.EMP.CAJAP. V.(uds.)",,
"",,,
"","EMP.(uds.)",CAJA,P. V.
"",,,
"",10,PZA,$6.49
Imagen referencial,PRECIO DE VENTA POR UNIDAD,,
"","Marca: UniversalModelo: Universal 7”Dim.: Ø8.3 x 185 mm.EMP.CAJAP. V.(uds.)",,
"",,,
"","EMP.(uds.)",CAJA,P. V.
"",,,
"",10,PZA,$6.81
Imagen referencial,PRECIO DE VENTA POR UNIDAD,,
"","Marca: UniversalModelo: Universal 9”Dim.: Ø8.3 x 250 mm.EMP.CAJAP. V.(uds.)",,
"",,,
"","EMP.(uds.)",CAJA,P. V.
"",10,25 PZA,$7.04
Imagen referencial,PRECIO DE VENTA POR UNIDAD,,
